#{"t_start": 1773857191.5022678, "env_id": "None"}
r,l,t
217.71,252,14.324782
148.42,174,14.498789
384.78,562,14.972309
276.0,429,15.335612
29.56,48,15.382664
364.44,594,17.190374
19.74,29,17.233537
285.31,499,17.710678
29.44,60,17.774101
344.81,555,18.272015
49.56,50,18.319168
108.77,135,18.433796
287.03,327,18.714647
29.87,17,18.739498
88.74,136,18.868705
266.88,340,20.559278
257.08,319,20.824253
276.91,338,21.107917
276.14,415,21.46
227.36,288,21.696357
334.89,546,22.158242
266.57,371,23.709954
316.6,373,24.028396
375.11,528,24.460774
286.99,331,24.727422
296.2,411,25.061831
137.85,230,26.656637
315.98,435,27.004949
236.46,379,27.338525
127.93,221,27.520272
306.41,391,27.844511
187.71,249,28.049068
148.37,179,28.207087
344.43,593,30.134128
177.38,281,30.355297
88.82,128,30.468018
316.29,404,30.785069
147.85,231,30.98924
394.81,560,32.772193
227.53,271,33.003361
345.83,453,33.429323
393.23,718,34.057194
197.49,272,34.286338
235.56,469,36.338554
276.55,374,36.674724
36.8,325,36.955144
168.16,202,37.133284
187.73,247,37.334613
286.06,424,37.683791
147.99,217,37.873522
306.03,429,39.567098
423.58,686,40.15326
345.58,478,40.532612
335.45,490,42.274896
286.38,392,42.666764
364.25,613,43.222317
364.89,549,43.699125
187.49,271,43.949432
296.9,341,45.624068
334.37,598,46.147783
266.06,422,46.510971
296.2,411,46.843403
386.05,435,47.175688
147.48,268,48.818665
168.11,207,48.977619
344.47,589,49.454483
138.59,156,49.599391
19.54,49,49.645044
157.98,219,49.8042
296.52,379,50.119141
177.77,242,51.715396
266.48,380,52.095953
138.76,139,52.206593
295.95,436,52.596249
344.11,625,53.083793
266.96,332,53.348361
296.1,421,55.050906
138.87,128,55.178381
108.2,192,55.369197
58.98,109,55.466794
217.64,259,55.692953
335.66,469,56.066842
305.84,448,56.432273
415.95,448,58.201528
384.72,568,58.69308
355.83,454,59.04182
306.32,400,59.390833
197.71,250,59.580273
284.33,597,61.414529
138.65,150,61.541158
256.95,332,61.855416
325.41,493,62.308684
196.91,330,62.600722
297.09,322,64.286862
148.54,162,64.417186
206.87,335,64.722583
89.11,99,64.797588
9.77,25,64.829593
49.46,60,64.876867
78.43,166,65.012156
316.3,403,65.337018
138.81,134,65.448332
315.18,515,65.893679
305.29,503,67.678147
207.53,269,67.900681
306.25,407,68.264346
79.15,94,68.343283
138.61,154,68.469979
246.68,358,68.785797
413.56,687,70.659722
306.66,366,71.002639
276.44,385,71.33566
157.44,273,71.573979
315.49,484,71.953496
187.31,289,73.700929
315.25,508,74.12285
286.15,415,74.483562
246.09,417,74.822705
227.0,324,75.117286
306.73,359,76.807087
306.75,357,77.093492
266.57,371,77.394147
285.32,498,77.824806
305.96,436,78.177176
324.96,538,79.962409
286.48,382,80.297642
346.37,399,80.612906
315.23,510,81.04057
69.41,67,81.103729
157.28,289,81.329768
364.74,564,83.189321
353.91,646,83.696517
216.97,326,83.991385
325.37,497,84.414169
247.07,319,86.067153
275.96,433,86.416102
49.5,56,86.463378
305.49,483,86.842324
335.18,517,87.272005
374.81,558,89.138336
236.78,347,89.423767
276.5,379,89.757365
365.83,455,90.170849
404.66,576,90.639849
236.54,371,92.342015
326.31,403,92.703829
267.25,303,92.99064
385.69,471,93.371123
207.15,307,93.624883
315.49,484,95.445896
276.39,390,95.823243
69.18,90,95.902942
375.92,447,96.315826
305.2,512,96.79
255.6,467,98.435622
316.49,384,98.796612
138.47,168,98.96956
98.77,134,99.083174
216.46,377,99.399718
256.34,393,99.74731
316.51,382,100.066
108.81,131,100.176359
256.11,416,101.882187
246.8,346,102.215297
59.37,70,102.279138
216.14,409,102.653902
217.8,243,102.866235
294.77,554,103.357635
255.96,431,105.142502
395.07,534,105.601885
196.63,358,105.886776
9.73,29,105.902886
276.12,417,106.235638
207.32,290,106.460334
197.67,254,108.14599
326.04,430,108.508919
197.61,260,108.748609
236.64,361,109.061873
286.95,335,109.334711
266.14,414,109.700116
187.05,315,111.326115
98.92,119,111.437834
187.53,267,111.691428
336.28,407,112.043411
59.42,65,112.103801
326.41,393,112.437001
335.9,445,112.802696
108.27,185,114.372092
9.96,6,114.382109
216.9,333,114.684021
365.8,458,115.096732
295.91,440,115.470032
295.71,460,115.839448
385.19,521,117.71848
346.01,435,118.099481
247.8,246,118.321867
295.78,453,118.686856
98.62,149,118.801019
296.21,410,119.1145
364.93,545,120.949303
336.21,414,121.281045
168.17,201,121.455139
217.37,286,121.697823
256.62,365,121.995621
316.64,369,123.626511
384.77,563,124.165723
315.17,516,124.59341
256.94,333,124.879614
285.7,460,125.276676
284.71,559,127.1097
69.42,66,127.156783
345.68,468,127.520806
257.65,262,127.711344
226.29,395,128.046118
286.55,375,128.361528
266.22,406,130.118404
326.1,424,130.485394
313.59,674,131.005707
305.34,498,131.418552
217.46,277,132.969147
395.15,526,133.441023
355.45,492,133.841389
326.95,339,134.122932
206.96,326,134.379325
257.51,276,135.922171
385.03,537,136.398353
343.31,705,136.968857
335.35,500,137.394689
315.87,446,139.21415
137.81,234,139.40459
345.4,496,139.867106
324.87,547,140.346881
345.58,478,140.722489
186.8,340,142.339678
207.13,309,142.597513
217.29,294,142.855591
19.61,42,142.903374
296.94,337,143.172863
324.58,576,143.649467
246.25,401,145.416153
224.66,558,145.900544
59.21,86,145.977175
237.67,258,146.177618
237.18,307,146.432294
207.39,283,146.684493
217.95,228,146.859227
296.67,364,148.505642
325.89,445,148.933169
187.96,224,149.121824
227.4,284,149.375286
285.86,444,149.771167
405.65,477,151.505476
118.8,133,151.651458
254.79,548,152.142873
365.03,535,152.617928
306.56,376,152.950253
343.57,679,154.784633
237.09,316,155.037711
69.25,83,155.109563
354.08,629,155.624512
216.08,415,155.97248
287.08,322,156.225916
207.55,267,157.838341
276.2,409,158.188665
345.07,529,158.645851
335.7,465,159.08845
316.25,408,160.875715
314.61,572,161.39762
186.9,330,161.650448
166.94,324,161.920218
196.81,340,162.191955
196.55,366,162.505479
306.5,382,164.270779
88.69,141,164.386207
127.84,230,164.571525
276.57,372,164.890269
344.58,578,165.379817
345.48,488,167.2077
355.33,504,167.711466
394.42,599,168.22254
227.11,313,168.478319
237.46,279,168.701265
177.71,248,168.890402
325.72,462,170.66402
336.22,413,170.998481
206.98,324,171.282764
365.04,534,171.712364
256.44,383,173.309181
405.74,468,173.79716
246.61,365,174.099117
305.09,523,174.510953
305.74,458,174.890332
217.78,245,176.459427
366.08,430,176.898413
236.75,350,177.184555
375.15,524,177.645174
295.92,439,178.058202
345.52,484,179.812627
237.06,319,180.081623
178.01,218,180.255306
404.92,550,180.747113
366.12,426,181.126202
89.31,79,181.18954
276.02,427,182.81617
394.93,548,183.275297
216.62,361,183.560655
355.36,501,183.975023
335.32,503,185.681958
167.82,236,185.940239
305.77,455,186.349044
354.37,600,186.841562
246.84,342,187.127013
276.68,361,187.443136
443.92,654,189.442806
365.47,491,189.86431
265.95,433,190.281601
226.59,365,190.566695
217.32,291,192.319161
178.05,214,192.493242
168.06,212,192.67521
286.52,378,193.018248
286.86,344,193.2869
168.23,195,193.450987
385.19,521,193.905678
108.46,166,195.459387
354.55,582,195.993355
315.58,475,196.424329
286.84,346,196.742989
227.43,281,196.981203
444.62,584,198.725157
29.89,15,198.732923
79.02,107,198.830698
9.65,37,198.859223
295.38,493,199.289241
345.81,455,199.639978
384.57,583,201.388937
365.29,509,201.871436
285.84,446,202.222265
236.63,362,202.540246
335.54,481,202.95451
-0.33,34,202.985744
236.24,401,204.710065
296.46,385,205.029165
395.17,524,205.442879
29.81,23,205.47472
394.19,622,205.983811
0.0,1,205.983811
375.7,469,207.867792
29.37,67,207.916035
414.92,551,208.410641
315.66,467,208.828635
297.07,324,209.109988
276.55,374,209.463585
246.29,397,211.272516
324.77,557,211.730799
425.21,523,212.17529
355.56,481,212.571618
355.88,449,214.215092
266.44,384,214.531682
383.27,713,215.135396
237.06,319,215.412576
257.15,312,215.675776
285.86,444,217.395292
306.05,427,217.773659
217.16,307,218.03107
49.29,77,218.094172
391.97,844,220.053446
177.89,230,220.307888
276.09,420,220.69014
304.78,554,221.149335
98.43,168,221.277047
177.98,221,221.450794
128.4,174,221.597251
187.8,240,221.783673
177.83,236,223.220806
365.42,496,223.664825
256.65,362,223.964978
364.92,546,224.440706
266.51,377,224.757994
325.38,496,226.635453
344.72,564,227.111237
29.56,48,227.158927
316.24,409,227.540962
306.74,358,227.842228
168.4,178,227.999737
108.6,152,229.517311
364.92,546,229.994594
253.73,654,230.536777
324.73,561,230.97592
276.37,392,232.774328
177.26,293,233.167207
306.5,382,233.723318
415.52,491,234.391686
355.94,443,234.805569
306.01,431,236.55513
138.48,167,236.692358
108.29,183,236.839122
325.66,468,237.219461
49.0,106,237.298501
365.35,503,237.725432
266.36,392,238.075629
216.49,374,239.813264
296.7,361,240.130488
245.73,453,240.526232
335.88,447,240.924392
365.43,495,242.676967
286.57,373,243.040578
216.66,357,243.325986
385.56,484,243.73938
326.33,401,244.100279
257.47,280,244.343267
325.9,444,246.130479
306.09,423,246.51166
335.85,450,246.955733
276.98,331,247.225139
217.03,320,247.492241
305.93,439,249.206589
374.99,540,249.659554
118.42,171,249.808253
236.23,402,250.134932
29.77,27,250.166554
266.45,383,250.450919
29.81,23,250.482573
49.67,39,250.508417
345.97,439,252.271139
138.43,172,252.428045
297.07,324,252.699838
257.14,313,252.969751
364.78,560,253.443742
266.14,414,253.809668
384.61,579,255.792061
276.62,367,256.09686
237.85,240,256.305516
79.12,97,256.384204
276.3,399,256.71751
138.21,194,256.875974
285.39,491,258.580193
207.41,281,258.834052
256.53,374,259.134917
236.78,347,259.419722
352.75,762,260.06924
294.08,623,261.995819
246.4,386,262.32832
177.86,233,262.534284
256.56,371,262.869013
207.37,285,263.108875
234.23,602,264.976431
157.57,260,265.197784
355.9,447,265.58747
9.82,20,265.605665
385.51,489,266.009272
108.7,142,266.135505
217.65,258,267.687111
354.47,590,268.241773
137.88,227,268.432986
355.67,470,268.860516
355.56,481,269.272866
336.27,408,271.039161
276.08,421,271.407196
394.72,569,271.88174
364.99,539,272.310385
335.8,455,274.027438
316.1,423,274.411861
325.19,515,274.871988
237.54,271,275.109741
237.59,266,275.40865
246.93,333,275.943547
345.43,493,279.66941
295.61,470,280.417394
188.33,187,280.70585
415.09,534,281.595914
276.44,385,282.230802
305.78,454,285.897443
365.88,450,286.581305
395.79,462,287.293198
394.43,598,288.229723
228.15,209,288.581597
345.21,515,292.365441
168.27,191,292.683197
326.47,387,293.289422
99.07,104,293.448522
335.65,470,294.225717
147.78,238,294.594317
315.39,494,298.2996
197.45,276,298.709957
158.09,208,299.044397
395.02,539,299.871281
207.76,246,300.263136
287.21,309,300.728279
335.61,474,304.291709
336.7,365,304.864337
276.0,429,305.496679
208.04,218,305.86189
306.93,339,306.438672
158.03,214,306.75932
246.83,343,309.822862
256.13,414,310.425571
266.18,410,311.047435
266.67,361,311.602719
365.31,507,312.380945
226.87,337,315.863257
326.02,432,316.52919
355.31,506,317.308153
364.74,564,318.179294
394.21,620,321.90695
296.1,421,322.527026
256.6,367,323.087948
306.74,358,323.61921
334.65,570,324.461236
89.23,87,327.44082
315.35,498,328.334797
325.48,486,329.180996
128.34,180,329.466397
246.54,372,330.067468
344.65,571,333.825275
118.07,206,334.147196
364.94,544,335.040972
148.62,154,335.273754
365.73,465,336.013999
157.74,243,336.390827
296.87,344,336.933464
10.0,2,336.933464
237.49,276,340.071739
306.46,386,340.675607
355.67,470,341.454592
306.57,375,342.114763
286.86,344,342.674808
10.0,2,342.674808
275.93,436,346.333364
306.59,373,346.907888
346.01,435,347.602351
286.79,351,348.133256
325.95,439,348.818254
365.23,515,352.372597
285.92,438,353.040931
365.55,483,353.740542
336.03,432,354.375694
266.77,351,354.917229
324.59,575,358.804053
374.25,614,359.803677
227.03,321,360.296523
296.67,364,360.899298
286.04,426,364.344757
276.07,422,364.971286
394.86,555,365.790468
236.08,417,366.395745
257.09,318,366.874641
285.19,511,370.422175
345.91,445,371.091014
336.63,372,371.68299
128.43,171,371.959029
345.82,454,372.684868
187.44,276,375.996424
345.91,445,376.716634
404.6,582,377.57511
403.9,652,378.542805
336.09,426,382.051558
206.88,334,382.573092
237.39,286,383.032962
365.3,508,383.844636
296.37,394,384.463017
355.92,445,387.970578
19.76,27,388.036008
227.78,246,388.471078
345.15,521,389.283154
394.76,565,390.158228
326.63,371,390.707093
295.64,467,393.987962
354.91,546,394.81189
246.86,340,395.33522
385.22,518,396.174377
207.17,305,396.684313
395.63,478,400.136957
315.96,437,400.790455
375.13,526,401.62166
266.03,425,402.285306
375.64,475,405.719937
247.61,265,406.163913
335.88,447,406.862275
345.32,504,407.704251
354.52,585,408.673623
256.63,364,412.095073
394.01,640,413.146079
316.61,372,413.750608
147.69,247,414.124645
256.41,386,414.711927
29.63,41,414.775716
128.35,179,417.936297
157.99,218,418.289218
316.18,415,418.973393
246.63,363,419.576558
-0.02,3,419.576558
376.0,439,420.259467
364.73,565,424.108114
326.26,408,424.796707
248.12,214,425.150008
325.88,446,425.839238
336.23,412,426.476584
434.83,562,427.3761
257.42,285,430.503928
197.65,256,430.910132
394.7,571,431.820228
375.09,530,432.658708
365.2,518,436.484302
306.27,405,437.136446
98.82,129,437.343121
385.88,452,438.091048
226.25,399,438.755556
304.31,601,442.231437
374.84,555,443.122366
355.71,466,443.835661
177.66,253,444.231583
375.31,508,445.009467
256.01,426,448.572985
374.88,551,449.441365
275.52,477,450.187673
434.23,622,451.146957
187.97,223,454.515172
108.28,184,454.845361
266.77,351,455.399882
393.91,650,456.385578
394.97,544,457.228464
108.91,121,457.420296
406.38,404,460.801566
118.38,175,461.087798
315.67,466,461.811748
305.57,475,462.535151
355.15,522,463.347528
19.47,56,463.427606
345.76,460,467.112905
394.63,578,468.065325
404.8,562,468.972332
296.59,372,469.5474
344.65,571,473.445565
305.5,482,474.159995
305.72,460,474.875439
207.87,235,475.257063
256.87,340,475.74931
277.02,327,478.866239
356.48,389,479.48998
227.09,315,479.962105
226.21,403,480.613472
334.93,542,481.503143
405.17,525,485.093178
346.18,418,485.712089
345.12,524,486.528204
69.13,95,486.685044
167.66,252,487.079315
187.91,229,487.44418
256.3,397,490.472366
207.35,287,490.90603
78.96,113,491.076336
68.95,113,491.252498
237.61,264,491.679857
325.42,492,492.410738
227.17,307,492.887321
326.1,424,496.470905
364.11,627,497.503912
344.92,544,498.377272
256.33,394,498.995078
364.67,571,502.484193
128.72,142,502.714032
374.94,545,503.545678
345.52,484,504.325032
305.05,527,505.134284
373.63,676,509.0932
365.15,523,509.933683
256.98,329,510.465636
326.77,357,511.062208
385.46,494,514.570948
276.79,350,515.11931
167.72,246,515.500281
403.73,669,516.550518
266.52,376,517.154475
284.79,551,520.54951
365.82,456,521.283526
118.2,193,521.597135
108.62,150,521.851735
306.37,395,522.490617
415.12,531,525.999189
325.41,493,526.903999
197.68,253,527.316692
296.23,408,528.029425
295.36,495,528.798463
187.11,309,529.321829
276.0,429,532.908923
366.05,433,533.650698
356.17,420,534.29436
227.12,312,534.787456
286.66,364,535.375439
415.2,523,538.929728
286.28,402,539.5261
365.91,447,540.208976
266.96,332,540.717481
296.55,376,541.33831
325.35,499,545.091278
374.56,583,546.044023
335.69,466,546.744581
325.79,455,547.458738
237.25,300,550.640768
276.35,394,551.262311
296.79,352,551.84837
286.61,369,552.420619
217.84,239,552.787318
395.54,487,553.59681
346.37,399,556.841099
227.3,294,557.294222
127.87,227,557.675496
355.07,530,558.548992
364.61,577,559.486769
345.51,485,562.840134
295.68,463,563.559239
374.24,615,564.555618
355.28,509,565.35889
237.79,246,568.24371
305.49,483,568.663163
384.13,627,569.226514
148.15,201,569.400475
384.55,585,571.321057
19.62,41,571.38054
335.81,454,571.789981
275.92,437,572.121879
197.08,313,572.391127
335.85,450,572.738803
395.52,489,574.594145
286.12,418,574.951468
257.47,280,575.192697
226.96,328,575.47158
316.31,402,575.810622
296.21,410,576.163399
384.37,603,577.993143
346.12,424,578.340726
346.25,411,578.704629
187.27,293,578.959988
365.2,518,580.783872
256.7,357,581.078778
394.8,561,581.52231
374.14,625,582.062351
286.51,379,583.721385
187.02,318,584.054158
335.59,476,584.454679
345.21,515,584.846976
345.05,531,585.293913
39.62,43,585.339509
256.72,355,587.059349
217.9,233,587.271015
355.09,528,587.75725
276.87,342,588.059311
344.37,599,588.584612
286.3,400,590.307463
325.87,447,590.672895
404.6,582,591.190163
109.02,110,591.277636
335.21,514,591.720546
108.69,143,591.832076
148.77,139,593.283866
128.54,160,593.410773
414.88,555,593.88443
335.33,502,594.312019
119.07,106,594.400079
287.13,317,594.661453
375.01,538,596.433466
315.02,531,596.909775
314.84,549,597.384674
167.81,237,597.583427
285.3,500,599.342663
356.18,419,599.742073
404.86,556,600.233982
355.76,461,600.61412
354.97,540,601.041731
365.41,497,602.733146
256.89,338,603.045627
158.08,209,603.226626
237.44,281,603.448064
316.14,419,603.783529
326.36,398,605.427594
296.07,424,605.820551
59.16,91,605.900797
177.17,302,606.139843
227.58,266,606.346423
384.16,624,606.872775
315.8,453,608.660024
374.34,605,609.183448
356.51,386,609.532836
266.64,364,609.833951
345.28,508,610.230782
246.79,347,611.956754
227.48,276,612.174963
346.49,387,612.488128
405.1,532,612.932045
315.85,448,613.328953
404.92,550,615.208745
315.5,483,615.603005
385.0,540,616.045921
281.46,884,618.228656
178.0,219,618.420716
441.63,883,619.212992
237.42,283,619.45066
335.55,480,621.334012
324.92,542,621.810052
325.91,443,622.203964
9.93,9,622.203964
365.98,440,622.583201
246.65,361,622.900183
49.27,79,622.963721
345.84,452,624.829478
276.29,400,625.178709
374.54,585,625.687273
365.59,479,626.098589
237.2,305,627.803926
257.25,302,628.041536
217.12,311,628.327353
226.23,401,628.644166
383.71,669,629.169429
266.33,395,630.986017
374.0,639,631.519338
335.52,483,631.893235
336.47,388,632.187352
353.81,656,634.195204
276.49,380,634.534645
355.45,492,634.936658
88.93,117,635.021686
187.56,264,635.240673
108.6,152,635.351531
267.33,295,635.605038
315.49,484,637.404495
262.93,735,638.040731
296.87,344,638.345145
344.44,592,640.304132
396.54,387,640.667208
266.88,340,640.959189
316.59,374,641.266033
345.14,522,641.676394
364.64,574,643.430517
335.73,462,643.808734
197.37,284,644.030224
354.7,567,644.523293
285.86,444,644.920129
345.13,523,646.860046
187.59,261,647.065984
109.06,106,647.160308
405.05,537,647.602694
293.45,686,648.205218
158.25,192,649.783907
78.57,152,649.928521
394.54,587,650.435195
285.86,444,650.817694
-0.03,4,650.832789
384.97,543,651.277022
355.76,461,653.106382
334.41,594,653.596622
247.0,326,653.858633
315.77,456,654.233924
266.34,394,655.954735
373.7,669,656.528548
355.19,518,656.989832
325.24,510,657.428845
257.56,271,657.638616
306.04,428,659.470204
366.02,436,659.853523
187.86,234,660.067101
345.67,469,660.436319
305.78,454,660.800823
266.15,413,662.555714
385.02,538,663.016013
296.55,376,663.334873
365.4,498,663.781474
365.09,529,665.613609
365.14,524,666.089996
364.44,594,666.597131
217.59,264,666.819228
365.2,518,668.605218
371.46,893,669.400376
247.24,302,669.654845
325.8,454,670.054459
295.97,434,671.829138
336.12,423,672.184543
354.88,549,672.6605
296.37,394,673.008627
226.33,391,673.326223
345.55,481,675.144943
364.6,578,675.605264
374.71,568,676.114078
305.87,445,676.508259
403.27,715,678.46778
158.1,207,678.643206
373.98,641,679.182948
394.89,552,679.626549
335.63,472,681.491504
286.73,357,681.832331
344.16,620,682.350175
79.39,70,682.413481
327.07,1328,684.921214
385.14,526,685.334296
301.21,911,687.498106
420.17,1027,688.398413
344.77,559,688.90423
19.73,30,688.924691
384.58,582,690.815988
355.33,504,691.261693
326.37,397,691.59481
375.5,489,691.993645
335.42,493,693.658371
366.11,427,694.055979
344.63,573,694.548123
384.24,616,695.072533
364.41,597,696.906376
266.1,418,697.253302
217.32,291,697.508048
275.73,456,697.873412
355.14,523,698.335949
326.33,401,699.914292
363.79,659,700.468857
49.7,36,700.501251
138.57,158,700.628518
356.32,405,700.975513
307.06,326,701.276256
404.58,584,703.157676
59.26,81,703.221212
345.75,461,703.619987
245.41,485,704.020045
374.05,634,705.861843
276.63,366,706.22571
306.58,374,706.559254
400.9,952,707.292372
395.41,500,709.145156
227.04,320,709.400011
345.06,530,709.846321
108.13,199,710.027421
355.91,446,710.427984
412.56,787,712.43157
405.23,519,712.84552
246.05,421,713.212629
344.81,555,713.657863
147.76,240,715.31388
276.66,363,715.650846
295.44,487,716.063774
314.79,554,716.558284
414.85,558,718.318315
315.41,492,718.804947
385.3,510,719.242291
19.87,16,719.246552
128.47,167,719.388947
325.94,440,719.742716
374.42,597,721.492602
117.69,244,721.715802
226.88,336,721.998313
206.97,325,722.269887
197.76,245,722.473744
385.24,516,722.904857
306.65,367,724.561751
296.14,417,724.910132
326.28,406,725.24724
346.01,435,725.60567
404.71,571,726.099396
306.6,372,727.726397
335.23,512,728.172986
296.33,398,728.503818
305.25,507,728.918315
415.01,542,730.720538
316.64,369,731.005402
188.26,194,731.164228
374.56,583,731.639772
236.77,348,731.928654
365.07,531,733.775829
137.96,219,733.956343
59.24,83,734.010385
346.15,421,734.374191
207.66,256,734.597006
316.49,384,734.965352
365.47,491,736.82477
128.48,166,737.018026
218.08,215,737.192558
315.74,459,737.637444
98.73,138,737.763527
286.75,355,738.080149
168.34,184,738.239424
345.98,438,738.636142
375.44,495,740.407475
325.96,438,740.788056
355.19,518,741.200375
69.05,103,741.296266
404.43,599,743.154977
385.8,460,743.603609
325.76,458,743.970147
321.29,905,744.744249
296.29,402,746.545408
295.38,493,746.959889
345.05,531,747.431618
444.65,581,747.898879
286.11,419,749.581032
276.44,385,749.913561
333.49,686,750.484817
306.16,416,750.833393
384.32,608,752.760601
295.34,497,753.178477
293.73,658,753.779168
257.21,306,754.024364
325.93,441,755.761515
314.67,566,756.281076
375.58,481,756.706158
403.37,705,757.293939
227.36,288,758.924081
315.9,443,759.321553
353.53,684,759.890578
364.83,555,760.398163
246.63,363,762.071304
365.48,490,762.516605
207.88,234,762.740541
364.17,621,763.235765
335.99,436,763.602509
157.32,285,765.284272
365.73,465,765.692514
88.74,136,765.792588
395.15,526,766.223919
59.19,88,766.292844
345.79,457,766.667948
315.69,464,768.468051
286.03,427,768.800865
286.87,343,769.102
39.76,29,769.133525
334.44,591,769.64438
394.57,584,771.505389
474.31,618,772.077052
355.22,515,772.489453
384.1,630,773.044592
384.4,600,774.954816
345.49,487,775.336497
365.44,494,775.7168
403.95,647,777.571399
267.22,306,777.90361
355.92,445,778.277973
374.63,576,778.784976
315.79,454,779.182103
256.88,339,780.91846
375.92,447,781.307628
187.65,255,781.526672
326.09,425,781.892937
187.13,307,782.131519
374.51,588,783.759187
276.24,405,784.159143
326.1,424,784.53897
345.6,476,784.949363
344.36,600,785.442853
236.31,394,787.109665
344.99,537,787.555365
345.02,534,787.983186
383.99,641,788.540096
355.24,513,790.297599
354.73,564,790.743728
385.76,464,791.124796
326.5,384,791.456813
395.07,534,793.310714
257.05,322,793.58164
325.84,450,793.971165
344.87,549,794.407704
275.87,442,796.191334
345.08,528,796.653606
276.37,392,796.992242
354.7,567,797.497492
346.45,391,797.832044
187.61,259,799.505698
147.98,218,799.680688
404.62,580,800.138592
276.53,376,800.473399
187.8,240,800.692428
405.64,478,802.440525
366.06,432,802.84061
296.61,370,803.125082
374.98,541,803.570032
98.96,115,803.664661
305.46,486,804.062522
29.57,47,804.111384
187.73,247,805.779274
247.17,309,806.03408
276.61,368,806.362285
305.85,447,806.701759
364.69,569,807.180161
345.67,469,808.888093
356.12,425,809.265559
374.63,576,809.730186
385.84,456,810.144834
79.29,80,810.224324
49.4,66,810.272075
365.87,451,811.968102
158.19,198,812.12435
275.25,504,812.617738
59.48,59,812.713728
355.51,486,813.496487
226.97,327,813.973183
9.97,5,813.989007
424.52,592,817.692863
384.99,541,818.506393
315.79,454,819.236842
374.84,555,820.112075
285.6,470,823.454875
364.93,545,824.300572
325.79,455,824.986507
266.96,332,825.465394
257.39,288,828.710349
276.97,332,829.282352
355.34,503,830.029193
355.69,468,830.732111
414.68,575,831.562097
294.03,628,835.981192
423.61,683,837.002879
306.67,365,837.545237
227.4,284,837.975153
384.65,575,841.96267
365.32,506,842.719466
385.48,492,843.463851
266.14,414,844.086115
335.05,530,847.477796
277.89,240,847.860186
217.27,296,848.306132
414.88,555,849.133389
216.44,379,849.692213
315.48,485,853.365905
373.1,729,854.513708
383.42,698,855.648113
365.42,496,856.585793
274.83,546,860.084849
306.48,384,860.688686
276.34,395,861.279027
9.84,18,861.294849
301.82,850,865.211938
345.86,450,865.949568
365.12,526,866.791466
295.55,476,867.543633
346.18,418,868.198411
384.73,567,871.82972
326.32,402,872.471635
375.35,504,873.294902
157.53,264,873.710599
365.1,528,877.31142
434.3,615,878.268246
277.25,304,878.746478
246.45,381,879.334636
354.69,568,880.196876
9.98,4,882.809004
454.44,603,883.809479
345.72,464,884.495987
176.72,347,885.022169
424.17,627,885.94812
344.57,579,889.872702
375.83,456,890.574482
296.79,352,891.132437
335.66,469,891.85134
405.14,528,895.748041
394.56,585,896.652314
365.73,465,897.38461
276.17,412,897.986646
345.81,455,901.482556
414.83,560,902.355035
335.75,460,903.085163
167.66,252,903.480989
326.1,424,904.150513
276.47,382,907.461089
227.54,270,907.900075
365.62,476,908.622078
344.87,549,909.461269
345.92,444,910.176022
285.94,436,913.815818
246.84,342,914.326132
226.03,421,914.993191
276.47,382,915.580912
325.76,458,916.246522
395.86,455,919.356185
276.3,399,919.946776
49.5,56,920.036406
454.99,548,920.8613
167.91,227,921.196527
217.62,261,921.605812
207.45,277,924.470601
414.19,624,925.437116
316.12,421,926.124972
394.0,641,927.121167
344.33,603,930.868553
148.45,171,931.123406
325.81,453,931.82391
266.32,396,932.408943
286.07,423,933.097312
374.78,561,936.722275
69.23,85,936.867925
325.56,478,937.616896
424.11,633,938.678128
366.77,361,939.265947
325.46,488,942.529361
484.18,632,943.499399
305.97,435,944.134316
158.14,203,944.435179
326.86,348,944.943817
354.96,541,948.490442
336.25,410,949.143961
385.4,500,949.969984
197.25,296,950.429818
99.08,103,950.572241
394.09,632,954.115523
297.07,324,954.610236
375.01,538,955.438993
266.71,357,955.997746
118.03,210,956.316284
414.75,568,960.21088
137.95,220,960.561256
293.66,665,961.599531
384.87,553,962.42837
336.66,369,962.987019
187.47,273,965.993515
385.03,537,966.790531
365.21,517,967.565494
335.8,455,968.227246
295.69,462,971.522904
365.61,477,972.27591
285.02,528,973.08871
276.33,396,973.695105
383.82,658,977.734734
9.95,7,977.74522
375.35,504,978.514293
286.37,393,979.152648
286.72,358,979.696291
217.75,248,980.063245
305.73,459,983.718191
374.83,556,984.580695
374.03,636,985.617078
187.95,225,985.954328
117.84,229,986.318634
256.57,370,989.684851
375.15,524,990.514345
364.71,567,991.394457
275.92,437,992.048656
374.68,571,995.505821
335.48,487,996.28761
415.04,539,997.118294
374.97,542,997.948457
385.16,524,1001.509214
394.52,589,1002.388353
404.85,557,1003.217732
118.85,128,1003.40967
256.23,404,1004.000104
335.39,496,1007.475565
394.15,626,1008.481379
365.63,475,1009.231754
405.45,497,1010.047407
404.55,587,1013.745973
335.52,483,1014.544027
286.15,415,1015.199417
355.44,493,1016.044834
